"customer_id","payments","last_name","email","activebool","last_update"
1,"114.70","Smith","mary.smith@sakilacustomer.org",True,"2013-05-26 14:49:45.738"
2,"123.74","Johnson","patricia.johnson@sakilacustomer.org",True,"2013-05-26 14:49:45.738"
3,"130.76","Williams","linda.williams@sakilacustomer.org",True,"2013-05-26 14:49:45.738"
4,"81.78","Jones","barbara.jones@sakilacustomer.org",True,"2013-05-26 14:49:45.738"
5,"134.65","Brown","elizabeth.brown@sakilacustomer.org",True,"2013-05-26 14:49:45.738"
6,"84.75","Davis","jennifer.davis@sakilacustomer.org",True,"2013-05-26 14:49:45.738"
7,"130.72","Miller","maria.miller@sakilacustomer.org",True,"2013-05-26 14:49:45.738"
8,"85.77","Wilson","susan.wilson@sakilacustomer.org",True,"2013-05-26 14:49:45.738"
9,"78.80","Moore","margaret.moore@sakilacustomer.org",True,"2013-05-26 14:49:45.738"
10,"94.76","Taylor","dorothy.taylor@sakilacustomer.org",True,"2013-05-26 14:49:45.738"
11,"99.77","Anderson","lisa.anderson@sakilacustomer.org",True,"2013-05-26 14:49:45.738"
12,"93.74","Thomas","nancy.thomas@sakilacustomer.org",True,"2013-05-26 14:49:45.738"
13,"131.73","Jackson","karen.jackson@sakilacustomer.org",True,"2013-05-26 14:49:45.738"
14,"96.77","White","betty.white@sakilacustomer.org",True,"2013-05-26 14:49:45.738"
15,"134.68","Harris","helen.harris@sakilacustomer.org",True,"2013-05-26 14:49:45.738"
16,"109.75","Martin","sandra.martin@sakilacustomer.org",True,"2013-05-26 14:49:45.738"
17,"87.82","Thompson","donna.thompson@sakilacustomer.org",True,"2013-05-26 14:49:45.738"
18,"78.81","Garcia","carol.garcia@sakilacustomer.org",True,"2013-05-26 14:49:45.738"
19,"98.82","Martinez","ruth.martinez@sakilacustomer.org",True,"2013-05-26 14:49:45.738"
20,"103.73","Robinson","sharon.robinson@sakilacustomer.org",True,"2013-05-26 14:49:45.738"
21,"146.68","Clark","michelle.clark@sakilacustomer.org",True,"2013-05-26 14:49:45.738"
22,"94.81","Rodriguez","laura.rodriguez@sakilacustomer.org",True,"2013-05-26 14:49:45.738"
23,"106.73","Lewis","sarah.lewis@sakilacustomer.org",True,"2013-05-26 14:49:45.738"
24,"85.77","Lee","kimberly.lee@sakilacustomer.org",True,"2013-05-26 14:49:45.738"
25,"104.73","Walker","deborah.walker@sakilacustomer.org",True,"2013-05-26 14:49:45.738"
26,"146.68","Hall","jessica.hall@sakilacustomer.org",True,"2013-05-26 14:49:45.738"
27,"123.70","Allen","shirley.allen@sakilacustomer.org",True,"2013-05-26 14:49:45.738"
28,"105.70","Young","cynthia.young@sakilacustomer.org",True,"2013-05-26 14:49:45.738"
29,"138.65","Hernandez","angela.hernandez@sakilacustomer.org",True,"2013-05-26 14:49:45.738"
30,"123.66","King","melissa.king@sakilacustomer.org",True,"2013-05-26 14:49:45.738"
31,"104.74","Wright","brenda.wright@sakilacustomer.org",True,"2013-05-26 14:49:45.738"
32,"112.74","Lopez","amy.lopez@sakilacustomer.org",True,"2013-05-26 14:49:45.738"
33,"88.80","Hill","anna.hill@sakilacustomer.org",True,"2013-05-26 14:49:45.738"
34,"89.76","Scott","rebecca.scott@sakilacustomer.org",True,"2013-05-26 14:49:45.738"
35,"118.70","Green","virginia.green@sakilacustomer.org",True,"2013-05-26 14:49:45.738"
36,"90.75","Adams","kathleen.adams@sakilacustomer.org",True,"2013-05-26 14:49:45.738"
37,"91.79","Baker","pamela.baker@sakilacustomer.org",True,"2013-05-26 14:49:45.738"
38,"127.66","Gonzalez","martha.gonzalez@sakilacustomer.org",True,"2013-05-26 14:49:45.738"
39,"141.71","Nelson","debra.nelson@sakilacustomer.org",True,"2013-05-26 14:49:45.738"
40,"105.74","Carter","amanda.carter@sakilacustomer.org",True,"2013-05-26 14:49:45.738"
41,"118.75","Mitchell","stephanie.mitchell@sakilacustomer.org",True,"2013-05-26 14:49:45.738"
42,"111.71","Perez","carolyn.perez@sakilacustomer.org",True,"2013-05-26 14:49:45.738"
43,"89.78","Roberts","christine.roberts@sakilacustomer.org",True,"2013-05-26 14:49:45.738"
44,"101.79","Turner","marie.turner@sakilacustomer.org",True,"2013-05-26 14:49:45.738"
45,"124.74","Phillips","janet.phillips@sakilacustomer.org",True,"2013-05-26 14:49:45.738"
46,"131.69","Campbell","catherine.campbell@sakilacustomer.org",True,"2013-05-26 14:49:45.738"
47,"92.81","Parker","frances.parker@sakilacustomer.org",True,"2013-05-26 14:49:45.738"
48,"67.86","Evans","ann.evans@sakilacustomer.org",True,"2013-05-26 14:49:45.738"
49,"116.76","Edwards","joyce.edwards@sakilacustomer.org",True,"2013-05-26 14:49:45.738"
50,"144.70","Collins","diane.collins@sakilacustomer.org",True,"2013-05-26 14:49:45.738"
51,"123.70","Stewart","alice.stewart@sakilacustomer.org",True,"2013-05-26 14:49:45.738"
52,"106.72","Sanchez","julie.sanchez@sakilacustomer.org",True,"2013-05-26 14:49:45.738"
53,"88.76","Morris","heather.morris@sakilacustomer.org",True,"2013-05-26 14:49:45.738"
54,"114.74","Rogers","teresa.rogers@sakilacustomer.org",True,"2013-05-26 14:49:45.738"
55,"84.81","Reed","doris.reed@sakilacustomer.org",True,"2013-05-26 14:49:45.738"
56,"115.74","Cook","gloria.cook@sakilacustomer.org",True,"2013-05-26 14:49:45.738"
57,"99.74","Morgan","evelyn.morgan@sakilacustomer.org",True,"2013-05-26 14:49:45.738"
58,"105.76","Bell","jean.bell@sakilacustomer.org",True,"2013-05-26 14:49:45.738"
59,"119.76","Murphy","cheryl.murphy@sakilacustomer.org",True,"2013-05-26 14:49:45.738"
60,"88.78","Bailey","mildred.bailey@sakilacustomer.org",True,"2013-05-26 14:49:45.738"
61,"57.87","Rivera","katherine.rivera@sakilacustomer.org",True,"2013-05-26 14:49:45.738"
62,"78.79","Cooper","joan.cooper@sakilacustomer.org",True,"2013-05-26 14:49:45.738"
63,"112.75","Richardson","ashley.richardson@sakilacustomer.org",True,"2013-05-26 14:49:45.738"
64,"91.70","Cox","judith.cox@sakilacustomer.org",True,"2013-05-26 14:49:45.738"
65,"97.80","Howard","rose.howard@sakilacustomer.org",True,"2013-05-26 14:49:45.738"
66,"139.67","Ward","janice.ward@sakilacustomer.org",True,"2013-05-26 14:49:45.738"
67,"86.80","Torres","kelly.torres@sakilacustomer.org",True,"2013-05-26 14:49:45.738"
68,"94.78","Peterson","nicole.peterson@sakilacustomer.org",True,"2013-05-26 14:49:45.738"
69,"89.77","Gray","judy.gray@sakilacustomer.org",True,"2013-05-26 14:49:45.738"
70,"75.83","Ramirez","christina.ramirez@sakilacustomer.org",True,"2013-05-26 14:49:45.738"
71,"116.72","James","kathy.james@sakilacustomer.org",True,"2013-05-26 14:49:45.738"
72,"88.73","Watson","theresa.watson@sakilacustomer.org",True,"2013-05-26 14:49:45.738"
73,"89.78","Brooks","beverly.brooks@sakilacustomer.org",True,"2013-05-26 14:49:45.738"
74,"96.74","Kelly","denise.kelly@sakilacustomer.org",True,"2013-05-26 14:49:45.738"
75,"149.61","Sanders","tammy.sanders@sakilacustomer.org",True,"2013-05-26 14:49:45.738"
76,"74.79","Price","irene.price@sakilacustomer.org",True,"2013-05-26 14:49:45.738"
77,"85.77","Bennett","jane.bennett@sakilacustomer.org",True,"2013-05-26 14:49:45.738"
78,"141.69","Wood","lori.wood@sakilacustomer.org",True,"2013-05-26 14:49:45.738"
79,"73.81","Barnes","rachel.barnes@sakilacustomer.org",True,"2013-05-26 14:49:45.738"
80,"137.70","Ross","marilyn.ross@sakilacustomer.org",True,"2013-05-26 14:49:45.738"
81,"92.79","Henderson","andrea.henderson@sakilacustomer.org",True,"2013-05-26 14:49:45.738"
82,"118.76","Coleman","kathryn.coleman@sakilacustomer.org",True,"2013-05-26 14:49:45.738"
83,"96.78","Jenkins","louise.jenkins@sakilacustomer.org",True,"2013-05-26 14:49:45.738"
84,"128.70","Perry","sara.perry@sakilacustomer.org",True,"2013-05-26 14:49:45.738"
85,"72.79","Powell","anne.powell@sakilacustomer.org",True,"2013-05-26 14:49:45.738"
86,"146.68","Long","jacqueline.long@sakilacustomer.org",True,"2013-05-26 14:49:45.738"
87,"137.72","Patterson","wanda.patterson@sakilacustomer.org",True,"2013-05-26 14:49:45.738"
88,"84.80","Hughes","bonnie.hughes@sakilacustomer.org",True,"2013-05-26 14:49:45.738"
89,"124.71","Flores","julia.flores@sakilacustomer.org",True,"2013-05-26 14:49:45.738"
90,"110.72","Washington","ruby.washington@sakilacustomer.org",True,"2013-05-26 14:49:45.738"
91,"107.66","Butler","lois.butler@sakilacustomer.org",True,"2013-05-26 14:49:45.738"
92,"122.74","Simmons","tina.simmons@sakilacustomer.org",True,"2013-05-26 14:49:45.738"
93,"76.80","Foster","phyllis.foster@sakilacustomer.org",True,"2013-05-26 14:49:45.738"
94,"71.81","Gonzales","norma.gonzales@sakilacustomer.org",True,"2013-05-26 14:49:45.738"
95,"72.83","Bryant","paula.bryant@sakilacustomer.org",True,"2013-05-26 14:49:45.738"
96,"105.73","Alexander","diana.alexander@sakilacustomer.org",True,"2013-05-26 14:49:45.738"
97,"58.82","Russell","annie.russell@sakilacustomer.org",True,"2013-05-26 14:49:45.738"
98,"102.76","Griffin","lillian.griffin@sakilacustomer.org",True,"2013-05-26 14:49:45.738"
99,"90.77","Diaz","emily.diaz@sakilacustomer.org",True,"2013-05-26 14:49:45.738"
100,"101.77","Hayes","robin.hayes@sakilacustomer.org",True,"2013-05-26 14:49:45.738"
101,"86.77","Myers","peggy.myers@sakilacustomer.org",True,"2013-05-26 14:49:45.738"
102,"129.70","Ford","crystal.ford@sakilacustomer.org",True,"2013-05-26 14:49:45.738"
103,"128.71","Hamilton","gladys.hamilton@sakilacustomer.org",True,"2013-05-26 14:49:45.738"
104,"77.78","Graham","rita.graham@sakilacustomer.org",True,"2013-05-26 14:49:45.738"
105,"93.78","Sullivan","dawn.sullivan@sakilacustomer.org",True,"2013-05-26 14:49:45.738"
106,"95.79","Wallace","connie.wallace@sakilacustomer.org",True,"2013-05-26 14:49:45.738"
107,"114.72","Woods","florence.woods@sakilacustomer.org",True,"2013-05-26 14:49:45.738"
108,"126.72","Cole","tracy.cole@sakilacustomer.org",True,"2013-05-26 14:49:45.738"
109,"79.81","West","edna.west@sakilacustomer.org",True,"2013-05-26 14:49:45.738"
110,"49.88","Jordan","tiffany.jordan@sakilacustomer.org",True,"2013-05-26 14:49:45.738"
111,"94.75","Owens","carmen.owens@sakilacustomer.org",True,"2013-05-26 14:49:45.738"
112,"129.72","Reynolds","rosa.reynolds@sakilacustomer.org",True,"2013-05-26 14:49:45.738"
113,"111.73","Fisher","cindy.fisher@sakilacustomer.org",True,"2013-05-26 14:49:45.738"
114,"126.70","Ellis","grace.ellis@sakilacustomer.org",True,"2013-05-26 14:49:45.738"
115,"86.73","Harrison","wendy.harrison@sakilacustomer.org",True,"2013-05-26 14:49:45.738"
116,"106.74","Gibson","victoria.gibson@sakilacustomer.org",True,"2013-05-26 14:49:45.738"
117,"69.83","Mcdonald","edith.mcdonald@sakilacustomer.org",True,"2013-05-26 14:49:45.738"
118,"76.80","Cruz","kim.cruz@sakilacustomer.org",True,"2013-05-26 14:49:45.738"
119,"139.69","Marshall","sherry.marshall@sakilacustomer.org",True,"2013-05-26 14:49:45.738"
120,"134.70","Ortiz","sylvia.ortiz@sakilacustomer.org",True,"2013-05-26 14:49:45.738"
121,"104.75","Gomez","josephine.gomez@sakilacustomer.org",True,"2013-05-26 14:49:45.738"
122,"120.70","Murray","thelma.murray@sakilacustomer.org",True,"2013-05-26 14:49:45.738"
123,"97.77","Freeman","shannon.freeman@sakilacustomer.org",True,"2013-05-26 14:49:45.738"
124,"57.86","Wells","sheila.wells@sakilacustomer.org",True,"2013-05-26 14:49:45.738"
125,"131.69","Webb","ethel.webb@sakilacustomer.org",True,"2013-05-26 14:49:45.738"
126,"102.75","Simpson","ellen.simpson@sakilacustomer.org",True,"2013-05-26 14:49:45.738"
127,"105.78","Stevens","elaine.stevens@sakilacustomer.org",True,"2013-05-26 14:49:45.738"
128,"118.70","Tucker","marjorie.tucker@sakilacustomer.org",True,"2013-05-26 14:49:45.738"
129,"124.66","Porter","carrie.porter@sakilacustomer.org",True,"2013-05-26 14:49:45.738"
130,"87.78","Hunter","charlotte.hunter@sakilacustomer.org",True,"2013-05-26 14:49:45.738"
131,"112.73","Hicks","monica.hicks@sakilacustomer.org",True,"2013-05-26 14:49:45.738"
132,"95.72","Crawford","esther.crawford@sakilacustomer.org",True,"2013-05-26 14:49:45.738"
133,"88.75","Henry","pauline.henry@sakilacustomer.org",True,"2013-05-26 14:49:45.738"
134,"77.81","Boyd","emma.boyd@sakilacustomer.org",True,"2013-05-26 14:49:45.738"
135,"100.72","Mason","juanita.mason@sakilacustomer.org",True,"2013-05-26 14:49:45.738"
136,"59.86","Morales","anita.morales@sakilacustomer.org",True,"2013-05-26 14:49:45.738"
137,"191.62","Kennedy","rhonda.kennedy@sakilacustomer.org",True,"2013-05-26 14:49:45.738"
138,"106.68","Warren","hazel.warren@sakilacustomer.org",True,"2013-05-26 14:49:45.738"
139,"113.73","Dixon","amber.dixon@sakilacustomer.org",True,"2013-05-26 14:49:45.738"
140,"83.82","Ramos","eva.ramos@sakilacustomer.org",True,"2013-05-26 14:49:45.738"
141,"127.69","Reyes","debbie.reyes@sakilacustomer.org",True,"2013-05-26 14:49:45.738"
142,"74.77","Burns","april.burns@sakilacustomer.org",True,"2013-05-26 14:49:45.738"
143,"83.80","Gordon","leslie.gordon@sakilacustomer.org",True,"2013-05-26 14:49:45.738"
144,"189.60","Shaw","clara.shaw@sakilacustomer.org",True,"2013-05-26 14:49:45.738"
145,"107.73","Holmes","lucille.holmes@sakilacustomer.org",True,"2013-05-26 14:49:45.738"
146,"126.73","Rice","jamie.rice@sakilacustomer.org",True,"2013-05-26 14:49:45.738"
147,"125.68","Robertson","joanne.robertson@sakilacustomer.org",True,"2013-05-26 14:49:45.738"
148,"211.55","Hunt","eleanor.hunt@sakilacustomer.org",True,"2013-05-26 14:49:45.738"
149,"116.75","Black","valerie.black@sakilacustomer.org",True,"2013-05-26 14:49:45.738"
150,"94.78","Daniels","danielle.daniels@sakilacustomer.org",True,"2013-05-26 14:49:45.738"
151,"81.75","Palmer","megan.palmer@sakilacustomer.org",True,"2013-05-26 14:49:45.738"
152,"73.81","Mills","alicia.mills@sakilacustomer.org",True,"2013-05-26 14:49:45.738"
153,"94.76","Nichols","suzanne.nichols@sakilacustomer.org",True,"2013-05-26 14:49:45.738"
154,"110.73","Grant","michele.grant@sakilacustomer.org",True,"2013-05-26 14:49:45.738"
155,"106.76","Knight","gail.knight@sakilacustomer.org",True,"2013-05-26 14:49:45.738"
156,"89.77","Ferguson","bertha.ferguson@sakilacustomer.org",True,"2013-05-26 14:49:45.738"
157,"107.71","Rose","darlene.rose@sakilacustomer.org",True,"2013-05-26 14:49:45.738"
158,"115.70","Stone","veronica.stone@sakilacustomer.org",True,"2013-05-26 14:49:45.738"
159,"58.83","Hawkins","jill.hawkins@sakilacustomer.org",True,"2013-05-26 14:49:45.738"
160,"106.73","Dunn","erin.dunn@sakilacustomer.org",True,"2013-05-26 14:49:45.738"
161,"94.76","Perkins","geraldine.perkins@sakilacustomer.org",True,"2013-05-26 14:49:45.738"
162,"59.83","Hudson","lauren.hudson@sakilacustomer.org",True,"2013-05-26 14:49:45.738"
163,"122.71","Spencer","cathy.spencer@sakilacustomer.org",True,"2013-05-26 14:49:45.738"
164,"64.85","Gardner","joann.gardner@sakilacustomer.org",True,"2013-05-26 14:49:45.738"
165,"81.80","Stephens","lorraine.stephens@sakilacustomer.org",True,"2013-05-26 14:49:45.738"
166,"121.73","Payne","lynn.payne@sakilacustomer.org",True,"2013-05-26 14:49:45.738"
167,"108.71","Pierce","sally.pierce@sakilacustomer.org",True,"2013-05-26 14:49:45.738"
168,"129.68","Berry","regina.berry@sakilacustomer.org",True,"2013-05-26 14:49:45.738"
169,"86.80","Matthews","erica.matthews@sakilacustomer.org",True,"2013-05-26 14:49:45.738"
170,"109.77","Arnold","beatrice.arnold@sakilacustomer.org",True,"2013-05-26 14:49:45.738"
171,"104.75","Wagner","dolores.wagner@sakilacustomer.org",True,"2013-05-26 14:49:45.738"
172,"133.70","Willis","bernice.willis@sakilacustomer.org",True,"2013-05-26 14:49:45.738"
173,"111.73","Ray","audrey.ray@sakilacustomer.org",True,"2013-05-26 14:49:45.738"
174,"81.81","Watkins","yvonne.watkins@sakilacustomer.org",True,"2013-05-26 14:49:45.738"
175,"98.76","Olson","annette.olson@sakilacustomer.org",True,"2013-05-26 14:49:45.738"
176,"151.68","Carroll","june.carroll@sakilacustomer.org",True,"2013-05-26 14:49:45.738"
177,"71.77","Duncan","samantha.duncan@sakilacustomer.org",True,"2013-05-26 14:49:45.738"
178,"194.61","Snyder","marion.snyder@sakilacustomer.org",True,"2013-05-26 14:49:45.738"
179,"120.74","Hart","dana.hart@sakilacustomer.org",True,"2013-05-26 14:49:45.738"
180,"95.78","Cunningham","stacy.cunningham@sakilacustomer.org",True,"2013-05-26 14:49:45.738"
181,"167.67","Bradley","ana.bradley@sakilacustomer.org",True,"2013-05-26 14:49:45.738"
182,"92.76","Lane","renee.lane@sakilacustomer.org",True,"2013-05-26 14:49:45.738"
183,"75.78","Andrews","ida.andrews@sakilacustomer.org",True,"2013-05-26 14:49:45.738"
184,"80.80","Ruiz","vivian.ruiz@sakilacustomer.org",True,"2013-05-26 14:49:45.738"
185,"79.80","Harper","roberta.harper@sakilacustomer.org",True,"2013-05-26 14:49:45.738"
186,"111.71","Fox","holly.fox@sakilacustomer.org",True,"2013-05-26 14:49:45.738"
187,"151.73","Riley","brittany.riley@sakilacustomer.org",True,"2013-05-26 14:49:45.738"
188,"92.75","Armstrong","melanie.armstrong@sakilacustomer.org",True,"2013-05-26 14:49:45.738"
189,"87.79","Carpenter","loretta.carpenter@sakilacustomer.org",True,"2013-05-26 14:49:45.738"
190,"102.75","Weaver","yolanda.weaver@sakilacustomer.org",True,"2013-05-26 14:49:45.738"
191,"66.82","Greene","jeanette.greene@sakilacustomer.org",True,"2013-05-26 14:49:45.738"
192,"97.78","Lawrence","laurie.lawrence@sakilacustomer.org",True,"2013-05-26 14:49:45.738"
193,"105.77","Elliott","katie.elliott@sakilacustomer.org",True,"2013-05-26 14:49:45.738"
194,"74.84","Chavez","kristen.chavez@sakilacustomer.org",True,"2013-05-26 14:49:45.738"
195,"86.81","Sims","vanessa.sims@sakilacustomer.org",True,"2013-05-26 14:49:45.738"
196,"128.69","Austin","alma.austin@sakilacustomer.org",True,"2013-05-26 14:49:45.738"
197,"133.68","Peters","sue.peters@sakilacustomer.org",True,"2013-05-26 14:49:45.738"
198,"124.68","Kelley","elsie.kelley@sakilacustomer.org",True,"2013-05-26 14:49:45.738"
199,"95.76","Franklin","beth.franklin@sakilacustomer.org",True,"2013-05-26 14:49:45.738"
200,"126.74","Lawson","jeanne.lawson@sakilacustomer.org",True,"2013-05-26 14:49:45.738"
201,"91.78","Fields","vicki.fields@sakilacustomer.org",True,"2013-05-26 14:49:45.738"
202,"103.74","Gutierrez","carla.gutierrez@sakilacustomer.org",True,"2013-05-26 14:49:45.738"
203,"87.81","Ryan","tara.ryan@sakilacustomer.org",True,"2013-05-26 14:49:45.738"
204,"134.69","Schmidt","rosemary.schmidt@sakilacustomer.org",True,"2013-05-26 14:49:45.738"
205,"80.82","Carr","eileen.carr@sakilacustomer.org",True,"2013-05-26 14:49:45.738"
206,"126.73","Vasquez","terri.vasquez@sakilacustomer.org",True,"2013-05-26 14:49:45.738"
207,"119.72","Castillo","gertrude.castillo@sakilacustomer.org",True,"2013-05-26 14:49:45.738"
208,"86.75","Wheeler","lucy.wheeler@sakilacustomer.org",True,"2013-05-26 14:49:45.738"
209,"147.71","Chapman","tonya.chapman@sakilacustomer.org",True,"2013-05-26 14:49:45.738"
210,"134.70","Oliver","ella.oliver@sakilacustomer.org",True,"2013-05-26 14:49:45.738"
211,"146.67","Montgomery","stacey.montgomery@sakilacustomer.org",True,"2013-05-26 14:49:45.738"
212,"91.80","Richards","wilma.richards@sakilacustomer.org",True,"2013-05-26 14:49:45.738"
213,"110.73","Williamson","gina.williamson@sakilacustomer.org",True,"2013-05-26 14:49:45.738"
214,"103.74","Johnston","kristin.johnston@sakilacustomer.org",True,"2013-05-26 14:49:45.738"
215,"81.76","Banks","jessie.banks@sakilacustomer.org",True,"2013-05-26 14:49:45.738"
216,"90.78","Meyer","natalie.meyer@sakilacustomer.org",True,"2013-05-26 14:49:45.738"
217,"86.79","Bishop","agnes.bishop@sakilacustomer.org",True,"2013-05-26 14:49:45.738"
218,"67.82","Mccoy","vera.mccoy@sakilacustomer.org",True,"2013-05-26 14:49:45.738"
219,"100.75","Howell","willie.howell@sakilacustomer.org",True,"2013-05-26 14:49:45.738"
220,"109.75","Alvarez","charlene.alvarez@sakilacustomer.org",True,"2013-05-26 14:49:45.738"
221,"127.73","Morrison","bessie.morrison@sakilacustomer.org",True,"2013-05-26 14:49:45.738"
222,"71.84","Hansen","delores.hansen@sakilacustomer.org",True,"2013-05-26 14:49:45.738"
223,"77.84","Fernandez","melinda.fernandez@sakilacustomer.org",True,"2013-05-26 14:49:45.738"
224,"76.78","Garza","pearl.garza@sakilacustomer.org",True,"2013-05-26 14:49:45.738"
225,"111.76","Harvey","arlene.harvey@sakilacustomer.org",True,"2013-05-26 14:49:45.738"
226,"87.79","Little","maureen.little@sakilacustomer.org",True,"2013-05-26 14:49:45.738"
227,"78.78","Burton","colleen.burton@sakilacustomer.org",True,"2013-05-26 14:49:45.738"
228,"86.75","Stanley","allison.stanley@sakilacustomer.org",True,"2013-05-26 14:49:45.738"
229,"93.75","Nguyen","tamara.nguyen@sakilacustomer.org",True,"2013-05-26 14:49:45.738"
230,"118.69","George","joy.george@sakilacustomer.org",True,"2013-05-26 14:49:45.738"
231,"88.77","Jacobs","georgia.jacobs@sakilacustomer.org",True,"2013-05-26 14:49:45.738"
232,"86.77","Reid","constance.reid@sakilacustomer.org",True,"2013-05-26 14:49:45.738"
233,"89.77","Kim","lillie.kim@sakilacustomer.org",True,"2013-05-26 14:49:45.738"
234,"106.75","Fuller","claudia.fuller@sakilacustomer.org",True,"2013-05-26 14:49:45.738"
235,"89.77","Lynch","jackie.lynch@sakilacustomer.org",True,"2013-05-26 14:49:45.738"
236,"166.61","Dean","marcia.dean@sakilacustomer.org",True,"2013-05-26 14:49:45.738"
237,"138.69","Gilbert","tanya.gilbert@sakilacustomer.org",True,"2013-05-26 14:49:45.738"
238,"86.81","Garrett","nellie.garrett@sakilacustomer.org",True,"2013-05-26 14:49:45.738"
239,"108.72","Romero","minnie.romero@sakilacustomer.org",True,"2013-05-26 14:49:45.738"
240,"106.77","Welch","marlene.welch@sakilacustomer.org",True,"2013-05-26 14:49:45.738"
241,"110.68","Larson","heidi.larson@sakilacustomer.org",True,"2013-05-26 14:49:45.738"
242,"128.71","Frazier","glenda.frazier@sakilacustomer.org",True,"2013-05-26 14:49:45.738"
243,"77.77","Burke","lydia.burke@sakilacustomer.org",True,"2013-05-26 14:49:45.738"
244,"122.70","Hanson","viola.hanson@sakilacustomer.org",True,"2013-05-26 14:49:45.738"
245,"103.74","Day","courtney.day@sakilacustomer.org",True,"2013-05-26 14:49:45.738"
246,"76.82","Mendoza","marian.mendoza@sakilacustomer.org",True,"2013-05-26 14:49:45.738"
247,"88.81","Moreno","stella.moreno@sakilacustomer.org",True,"2013-05-26 14:49:45.738"
248,"37.87","Bowman","caroline.bowman@sakilacustomer.org",True,"2013-05-26 14:49:45.738"
249,"88.81","Medina","dora.medina@sakilacustomer.org",True,"2013-05-26 14:49:45.738"
250,"54.85","Fowler","jo.fowler@sakilacustomer.org",True,"2013-05-26 14:49:45.738"
251,"100.75","Brewer","vickie.brewer@sakilacustomer.org",True,"2013-05-26 14:49:45.738"
252,"58.80","Hoffman","mattie.hoffman@sakilacustomer.org",True,"2013-05-26 14:49:45.738"
253,"116.74","Carlson","terry.carlson@sakilacustomer.org",True,"2013-05-26 14:49:45.738"
254,"107.70","Silva","maxine.silva@sakilacustomer.org",True,"2013-05-26 14:49:45.738"
255,"70.82","Pearson","irma.pearson@sakilacustomer.org",True,"2013-05-26 14:49:45.738"
256,"97.75","Holland","mabel.holland@sakilacustomer.org",True,"2013-05-26 14:49:45.738"
257,"142.66","Douglas","marsha.douglas@sakilacustomer.org",True,"2013-05-26 14:49:45.738"
258,"110.76","Fleming","myrtle.fleming@sakilacustomer.org",True,"2013-05-26 14:49:45.738"
259,"154.70","Jensen","lena.jensen@sakilacustomer.org",True,"2013-05-26 14:49:45.738"
260,"113.70","Vargas","christy.vargas@sakilacustomer.org",True,"2013-05-26 14:49:45.738"
261,"90.78","Byrd","deanna.byrd@sakilacustomer.org",True,"2013-05-26 14:49:45.738"
262,"114.73","Davidson","patsy.davidson@sakilacustomer.org",True,"2013-05-26 14:49:45.738"
263,"116.73","Hopkins","hilda.hopkins@sakilacustomer.org",True,"2013-05-26 14:49:45.738"
264,"98.75","May","gwendolyn.may@sakilacustomer.org",True,"2013-05-26 14:49:45.738"
265,"132.72","Terry","jennie.terry@sakilacustomer.org",True,"2013-05-26 14:49:45.738"
266,"113.74","Herrera","nora.herrera@sakilacustomer.org",True,"2013-05-26 14:49:45.738"
267,"142.67","Wade","margie.wade@sakilacustomer.org",True,"2013-05-26 14:49:45.738"
268,"96.79","Soto","nina.soto@sakilacustomer.org",True,"2013-05-26 14:49:45.738"
269,"96.79","Walters","cassandra.walters@sakilacustomer.org",True,"2013-05-26 14:49:45.738"
270,"75.81","Curtis","leah.curtis@sakilacustomer.org",True,"2013-05-26 14:49:45.738"
271,"56.84","Neal","penny.neal@sakilacustomer.org",True,"2013-05-26 14:49:45.738"
272,"65.87","Caldwell","kay.caldwell@sakilacustomer.org",True,"2013-05-26 14:49:45.738"
273,"130.72","Lowe","priscilla.lowe@sakilacustomer.org",True,"2013-05-26 14:49:45.738"
274,"116.73","Jennings","naomi.jennings@sakilacustomer.org",True,"2013-05-26 14:49:45.738"
275,"92.75","Barnett","carole.barnett@sakilacustomer.org",True,"2013-05-26 14:49:45.738"
276,"94.77","Graves","brandy.graves@sakilacustomer.org",True,"2013-05-26 14:49:45.738"
277,"108.76","Jimenez","olga.jimenez@sakilacustomer.org",True,"2013-05-26 14:49:45.738"
278,"71.79","Horton","billie.horton@sakilacustomer.org",True,"2013-05-26 14:49:45.738"
279,"114.76","Shelton","dianne.shelton@sakilacustomer.org",True,"2013-05-26 14:49:45.738"
280,"103.77","Barrett","tracey.barrett@sakilacustomer.org",True,"2013-05-26 14:49:45.738"
281,"32.90","Obrien","leona.obrien@sakilacustomer.org",True,"2013-05-26 14:49:45.738"
282,"79.80","Castro","jenny.castro@sakilacustomer.org",True,"2013-05-26 14:49:45.738"
283,"68.77","Sutton","felicia.sutton@sakilacustomer.org",True,"2013-05-26 14:49:45.738"
284,"108.78","Gregory","sonia.gregory@sakilacustomer.org",True,"2013-05-26 14:49:45.738"
285,"117.77","Mckinney","miriam.mckinney@sakilacustomer.org",True,"2013-05-26 14:49:45.738"
286,"96.76","Lucas","velma.lucas@sakilacustomer.org",True,"2013-05-26 14:49:45.738"
287,"80.78","Miles","becky.miles@sakilacustomer.org",True,"2013-05-26 14:49:45.738"
288,"52.81","Craig","bobbie.craig@sakilacustomer.org",True,"2013-05-26 14:49:45.738"
289,"104.76","Rodriquez","violet.rodriquez@sakilacustomer.org",True,"2013-05-26 14:49:45.738"
290,"80.78","Chambers","kristina.chambers@sakilacustomer.org",True,"2013-05-26 14:49:45.738"
291,"73.83","Holt","toni.holt@sakilacustomer.org",True,"2013-05-26 14:49:45.738"
292,"102.78","Lambert","misty.lambert@sakilacustomer.org",True,"2013-05-26 14:49:45.738"
293,"107.79","Fletcher","mae.fletcher@sakilacustomer.org",True,"2013-05-26 14:49:45.738"
294,"105.77","Watts","shelly.watts@sakilacustomer.org",True,"2013-05-26 14:49:45.738"
295,"125.72","Bates","daisy.bates@sakilacustomer.org",True,"2013-05-26 14:49:45.738"
296,"103.77","Hale","ramona.hale@sakilacustomer.org",True,"2013-05-26 14:49:45.738"
297,"99.74","Rhodes","sherri.rhodes@sakilacustomer.org",True,"2013-05-26 14:49:45.738"
298,"78.79","Pena","erika.pena@sakilacustomer.org",True,"2013-05-26 14:49:45.738"
299,"84.79","Gannon","james.gannon@sakilacustomer.org",True,"2013-05-26 14:49:45.738"
300,"123.74","Farnsworth","john.farnsworth@sakilacustomer.org",True,"2013-05-26 14:49:45.738"
301,"71.85","Baughman","robert.baughman@sakilacustomer.org",True,"2013-05-26 14:49:45.738"
302,"113.74","Silverman","michael.silverman@sakilacustomer.org",True,"2013-05-26 14:49:45.738"
303,"70.81","Satterfield","william.satterfield@sakilacustomer.org",True,"2013-05-26 14:49:45.738"
304,"79.81","Royal","david.royal@sakilacustomer.org",True,"2013-05-26 14:49:45.738"
305,"87.80","Mccrary","richard.mccrary@sakilacustomer.org",True,"2013-05-26 14:49:45.738"
306,"119.72","Kowalski","charles.kowalski@sakilacustomer.org",True,"2013-05-26 14:49:45.738"
307,"92.80","Joy","joseph.joy@sakilacustomer.org",True,"2013-05-26 14:49:45.738"
308,"81.81","Grigsby","thomas.grigsby@sakilacustomer.org",True,"2013-05-26 14:49:45.738"
309,"113.75","Greco","christopher.greco@sakilacustomer.org",True,"2013-05-26 14:49:45.738"
310,"68.87","Cabral","daniel.cabral@sakilacustomer.org",True,"2013-05-26 14:49:45.738"
311,"80.85","Trout","paul.trout@sakilacustomer.org",True,"2013-05-26 14:49:45.738"
312,"81.80","Rinehart","mark.rinehart@sakilacustomer.org",True,"2013-05-26 14:49:45.738"
313,"63.84","Mahon","donald.mahon@sakilacustomer.org",True,"2013-05-26 14:49:45.738"
314,"113.71","Linton","george.linton@sakilacustomer.org",True,"2013-05-26 14:49:45.738"
315,"67.86","Gooden","kenneth.gooden@sakilacustomer.org",True,"2013-05-26 14:49:45.738"
316,"80.81","Curley","steven.curley@sakilacustomer.org",True,"2013-05-26 14:49:45.738"
317,"96.76","Baugh","edward.baugh@sakilacustomer.org",True,"2013-05-26 14:49:45.738"
318,"27.93","Wyman","brian.wyman@sakilacustomer.org",True,"2013-05-26 14:49:45.738"
319,"93.79","Weiner","ronald.weiner@sakilacustomer.org",True,"2013-05-26 14:49:45.738"
320,"47.85","Schwab","anthony.schwab@sakilacustomer.org",True,"2013-05-26 14:49:45.738"
321,"93.83","Schuler","kevin.schuler@sakilacustomer.org",True,"2013-05-26 14:49:45.738"
322,"81.81","Morrissey","jason.morrissey@sakilacustomer.org",True,"2013-05-26 14:49:45.738"
323,"91.75","Mahan","matthew.mahan@sakilacustomer.org",True,"2013-05-26 14:49:45.738"
324,"95.78","Coy","gary.coy@sakilacustomer.org",True,"2013-05-26 14:49:45.738"
325,"72.82","Bunn","timothy.bunn@sakilacustomer.org",True,"2013-05-26 14:49:45.738"
326,"64.82","Andrew","jose.andrew@sakilacustomer.org",True,"2013-05-26 14:49:45.738"
327,"74.81","Thrasher","larry.thrasher@sakilacustomer.org",True,"2013-05-26 14:49:45.738"
328,"65.83","Spear","jeffrey.spear@sakilacustomer.org",True,"2013-05-26 14:49:45.738"
329,"98.77","Waggoner","frank.waggoner@sakilacustomer.org",True,"2013-05-26 14:49:45.738"
330,"60.82","Shelley","scott.shelley@sakilacustomer.org",True,"2013-05-26 14:49:45.738"
331,"105.78","Robert","eric.robert@sakilacustomer.org",True,"2013-05-26 14:49:45.738"
332,"107.74","Qualls","stephen.qualls@sakilacustomer.org",True,"2013-05-26 14:49:45.738"
333,"89.78","Purdy","andrew.purdy@sakilacustomer.org",True,"2013-05-26 14:49:45.738"
334,"108.75","Mcwhorter","raymond.mcwhorter@sakilacustomer.org",True,"2013-05-26 14:49:45.738"
335,"73.78","Mauldin","gregory.mauldin@sakilacustomer.org",True,"2013-05-26 14:49:45.738"
336,"93.78","Mark","joshua.mark@sakilacustomer.org",True,"2013-05-26 14:49:45.738"
337,"111.76","Jordon","jerry.jordon@sakilacustomer.org",True,"2013-05-26 14:49:45.738"
338,"78.80","Gilman","dennis.gilman@sakilacustomer.org",True,"2013-05-26 14:49:45.738"
339,"95.76","Perryman","walter.perryman@sakilacustomer.org",True,"2013-05-26 14:49:45.738"
340,"83.77","Newsom","patrick.newsom@sakilacustomer.org",True,"2013-05-26 14:49:45.738"
341,"103.78","Menard","peter.menard@sakilacustomer.org",True,"2013-05-26 14:49:45.738"
342,"130.68","Martino","harold.martino@sakilacustomer.org",True,"2013-05-26 14:49:45.738"
343,"106.77","Graf","douglas.graf@sakilacustomer.org",True,"2013-05-26 14:49:45.738"
344,"64.84","Billingsley","henry.billingsley@sakilacustomer.org",True,"2013-05-26 14:49:45.738"
345,"104.79","Artis","carl.artis@sakilacustomer.org",True,"2013-05-26 14:49:45.738"
346,"145.70","Simpkins","arthur.simpkins@sakilacustomer.org",True,"2013-05-26 14:49:45.738"
347,"142.70","Salisbury","ryan.salisbury@sakilacustomer.org",True,"2013-05-26 14:49:45.738"
348,"144.66","Quintanilla","roger.quintanilla@sakilacustomer.org",True,"2013-05-26 14:49:45.738"
349,"133.72","Gilliland","joe.gilliland@sakilacustomer.org",True,"2013-05-26 14:49:45.738"
350,"63.79","Fraley","juan.fraley@sakilacustomer.org",True,"2013-05-26 14:49:45.738"
351,"87.77","Foust","jack.foust@sakilacustomer.org",True,"2013-05-26 14:49:45.738"
352,"96.78","Crouse","albert.crouse@sakilacustomer.org",True,"2013-05-26 14:49:45.738"
353,"65.83","Scarborough","jonathan.scarborough@sakilacustomer.org",True,"2013-05-26 14:49:45.738"
354,"125.67","Ngo","justin.ngo@sakilacustomer.org",True,"2013-05-26 14:49:45.738"
355,"68.81","Grissom","terry.grissom@sakilacustomer.org",True,"2013-05-26 14:49:45.738"
356,"116.71","Fultz","gerald.fultz@sakilacustomer.org",True,"2013-05-26 14:49:45.738"
357,"80.77","Rico","keith.rico@sakilacustomer.org",True,"2013-05-26 14:49:45.738"
358,"75.80","Marlow","samuel.marlow@sakilacustomer.org",True,"2013-05-26 14:49:45.738"
359,"85.78","Markham","willie.markham@sakilacustomer.org",True,"2013-05-26 14:49:45.738"
360,"144.68","Madrigal","ralph.madrigal@sakilacustomer.org",True,"2013-05-26 14:49:45.738"
361,"89.71","Lawton","lawrence.lawton@sakilacustomer.org",True,"2013-05-26 14:49:45.738"
362,"140.69","Barfield","nicholas.barfield@sakilacustomer.org",True,"2013-05-26 14:49:45.738"
363,"139.72","Whiting","roy.whiting@sakilacustomer.org",True,"2013-05-26 14:49:45.738"
364,"89.78","Varney","benjamin.varney@sakilacustomer.org",True,"2013-05-26 14:49:45.738"
365,"92.79","Schwarz","bruce.schwarz@sakilacustomer.org",True,"2013-05-26 14:49:45.738"
366,"145.64","Huey","brandon.huey@sakilacustomer.org",True,"2013-05-26 14:49:45.738"
367,"97.80","Gooch","adam.gooch@sakilacustomer.org",True,"2013-05-26 14:49:45.738"
368,"139.69","Arce","harry.arce@sakilacustomer.org",True,"2013-05-26 14:49:45.738"
369,"69.79","Wheat","fred.wheat@sakilacustomer.org",True,"2013-05-26 14:49:45.738"
370,"70.81","Truong","wayne.truong@sakilacustomer.org",True,"2013-05-26 14:49:45.738"
371,"123.71","Poulin","billy.poulin@sakilacustomer.org",True,"2013-05-26 14:49:45.738"
372,"152.68","Mackenzie","steve.mackenzie@sakilacustomer.org",True,"2013-05-26 14:49:45.738"
373,"156.66","Leone","louis.leone@sakilacustomer.org",True,"2013-05-26 14:49:45.738"
374,"98.75","Hurtado","jeremy.hurtado@sakilacustomer.org",True,"2013-05-26 14:49:45.738"
375,"88.80","Selby","aaron.selby@sakilacustomer.org",True,"2013-05-26 14:49:45.738"
376,"109.73","Gaither","randy.gaither@sakilacustomer.org",True,"2013-05-26 14:49:45.738"
377,"93.74","Fortner","howard.fortner@sakilacustomer.org",True,"2013-05-26 14:49:45.738"
378,"70.82","Culpepper","eugene.culpepper@sakilacustomer.org",True,"2013-05-26 14:49:45.738"
379,"96.79","Coughlin","carlos.coughlin@sakilacustomer.org",True,"2013-05-26 14:49:45.738"
380,"132.65","Brinson","russell.brinson@sakilacustomer.org",True,"2013-05-26 14:49:45.738"
381,"99.68","Boudreau","bobby.boudreau@sakilacustomer.org",True,"2013-05-26 14:49:45.738"
382,"85.78","Barkley","victor.barkley@sakilacustomer.org",True,"2013-05-26 14:49:45.738"
383,"93.75","Bales","martin.bales@sakilacustomer.org",True,"2013-05-26 14:49:45.738"
384,"77.79","Stepp","ernest.stepp@sakilacustomer.org",True,"2013-05-26 14:49:45.738"
385,"93.76","Holm","phillip.holm@sakilacustomer.org",True,"2013-05-26 14:49:45.738"
386,"109.72","Tan","todd.tan@sakilacustomer.org",True,"2013-05-26 14:49:45.738"
387,"79.78","Schilling","jesse.schilling@sakilacustomer.org",True,"2013-05-26 14:49:45.738"
388,"114.72","Morrell","craig.morrell@sakilacustomer.org",True,"2013-05-26 14:49:45.738"
389,"119.75","Kahn","alan.kahn@sakilacustomer.org",True,"2013-05-26 14:49:45.738"
390,"142.69","Heaton","shawn.heaton@sakilacustomer.org",True,"2013-05-26 14:49:45.738"
391,"79.75","Gamez","clarence.gamez@sakilacustomer.org",True,"2013-05-26 14:49:45.738"
392,"91.77","Douglass","sean.douglass@sakilacustomer.org",True,"2013-05-26 14:49:45.738"
393,"115.71","Causey","philip.causey@sakilacustomer.org",True,"2013-05-26 14:49:45.738"
394,"77.80","Brothers","chris.brothers@sakilacustomer.org",True,"2013-05-26 14:49:45.738"
395,"57.81","Turpin","johnny.turpin@sakilacustomer.org",True,"2013-05-26 14:49:45.738"
396,"105.74","Shanks","earl.shanks@sakilacustomer.org",True,"2013-05-26 14:49:45.738"
397,"104.72","Schrader","jimmy.schrader@sakilacustomer.org",True,"2013-05-26 14:49:45.738"
398,"73.85","Meek","antonio.meek@sakilacustomer.org",True,"2013-05-26 14:49:45.738"
399,"73.82","Isom","danny.isom@sakilacustomer.org",True,"2013-05-26 14:49:45.738"
400,"105.76","Hardison","bryan.hardison@sakilacustomer.org",True,"2013-05-26 14:49:45.738"
401,"62.81","Carranza","tony.carranza@sakilacustomer.org",True,"2013-05-26 14:49:45.738"
402,"77.81","Yanez","luis.yanez@sakilacustomer.org",True,"2013-05-26 14:49:45.738"
403,"162.67","Way","mike.way@sakilacustomer.org",True,"2013-05-26 14:49:45.738"
404,"133.71","Scroggins","stanley.scroggins@sakilacustomer.org",True,"2013-05-26 14:49:45.738"
405,"101.70","Schofield","leonard.schofield@sakilacustomer.org",True,"2013-05-26 14:49:45.738"
406,"121.69","Runyon","nathan.runyon@sakilacustomer.org",True,"2013-05-26 14:49:45.738"
407,"104.74","Ratcliff","dale.ratcliff@sakilacustomer.org",True,"2013-05-26 14:49:45.738"
408,"103.73","Murrell","manuel.murrell@sakilacustomer.org",True,"2013-05-26 14:49:45.738"
409,"97.78","Moeller","rodney.moeller@sakilacustomer.org",True,"2013-05-26 14:49:45.738"
410,"167.62","Irby","curtis.irby@sakilacustomer.org",True,"2013-05-26 14:49:45.738"
411,"73.76","Currier","norman.currier@sakilacustomer.org",True,"2013-05-26 14:49:45.738"
412,"74.83","Butterfield","allen.butterfield@sakilacustomer.org",True,"2013-05-26 14:49:45.738"
413,"65.81","Yee","marvin.yee@sakilacustomer.org",True,"2013-05-26 14:49:45.738"
414,"96.77","Ralston","vincent.ralston@sakilacustomer.org",True,"2013-05-26 14:49:45.738"
415,"88.78","Pullen","glenn.pullen@sakilacustomer.org",True,"2013-05-26 14:49:45.738"
416,"113.72","Pinson","jeffery.pinson@sakilacustomer.org",True,"2013-05-26 14:49:45.738"
417,"91.78","Estep","travis.estep@sakilacustomer.org",True,"2013-05-26 14:49:45.738"
418,"107.70","East","jeff.east@sakilacustomer.org",True,"2013-05-26 14:49:45.738"
419,"86.76","Carbone","chad.carbone@sakilacustomer.org",True,"2013-05-26 14:49:45.738"
420,"74.80","Lance","jacob.lance@sakilacustomer.org",True,"2013-05-26 14:49:45.738"
421,"117.75","Hawks","lee.hawks@sakilacustomer.org",True,"2013-05-26 14:49:45.738"
422,"96.75","Ellington","melvin.ellington@sakilacustomer.org",True,"2013-05-26 14:49:45.738"
423,"120.74","Casillas","alfred.casillas@sakilacustomer.org",True,"2013-05-26 14:49:45.738"
424,"109.71","Spurlock","kyle.spurlock@sakilacustomer.org",True,"2013-05-26 14:49:45.738"
425,"98.75","Sikes","francis.sikes@sakilacustomer.org",True,"2013-05-26 14:49:45.738"
426,"125.74","Motley","bradley.motley@sakilacustomer.org",True,"2013-05-26 14:49:45.738"
427,"107.77","Mccartney","jesus.mccartney@sakilacustomer.org",True,"2013-05-26 14:49:45.738"
428,"73.81","Kruger","herbert.kruger@sakilacustomer.org",True,"2013-05-26 14:49:45.738"
429,"78.84","Isbell","frederick.isbell@sakilacustomer.org",True,"2013-05-26 14:49:45.738"
430,"71.80","Houle","ray.houle@sakilacustomer.org",True,"2013-05-26 14:49:45.738"
431,"92.78","Francisco","joel.francisco@sakilacustomer.org",True,"2013-05-26 14:49:45.738"
432,"93.80","Burk","edwin.burk@sakilacustomer.org",True,"2013-05-26 14:49:45.738"
433,"113.77","Bone","don.bone@sakilacustomer.org",True,"2013-05-26 14:49:45.738"
434,"122.74","Tomlin","eddie.tomlin@sakilacustomer.org",True,"2013-05-26 14:49:45.738"
435,"78.77","Shelby","ricky.shelby@sakilacustomer.org",True,"2013-05-26 14:49:45.738"
436,"126.73","Quigley","troy.quigley@sakilacustomer.org",True,"2013-05-26 14:49:45.738"
437,"85.80","Neumann","randall.neumann@sakilacustomer.org",True,"2013-05-26 14:49:45.738"
438,"121.70","Lovelace","barry.lovelace@sakilacustomer.org",True,"2013-05-26 14:49:45.738"
439,"137.67","Fennell","alexander.fennell@sakilacustomer.org",True,"2013-05-26 14:49:45.738"
440,"83.79","Colby","bernard.colby@sakilacustomer.org",True,"2013-05-26 14:49:45.738"
441,"107.73","Cheatham","mario.cheatham@sakilacustomer.org",True,"2013-05-26 14:49:45.738"
442,"104.71","Bustamante","leroy.bustamante@sakilacustomer.org",True,"2013-05-26 14:49:45.738"
443,"93.79","Skidmore","francisco.skidmore@sakilacustomer.org",True,"2013-05-26 14:49:45.738"
444,"105.72","Hidalgo","marcus.hidalgo@sakilacustomer.org",True,"2013-05-26 14:49:45.738"
445,"96.76","Forman","micheal.forman@sakilacustomer.org",True,"2013-05-26 14:49:45.738"
446,"109.72","Culp","theodore.culp@sakilacustomer.org",True,"2013-05-26 14:49:45.738"
447,"109.73","Bowens","clifford.bowens@sakilacustomer.org",True,"2013-05-26 14:49:45.738"
448,"127.73","Betancourt","miguel.betancourt@sakilacustomer.org",True,"2013-05-26 14:49:45.738"
449,"80.83","Aquino","oscar.aquino@sakilacustomer.org",True,"2013-05-26 14:49:45.738"
450,"85.75","Robb","jay.robb@sakilacustomer.org",True,"2013-05-26 14:49:45.738"
451,"121.70","Rea","jim.rea@sakilacustomer.org",True,"2013-05-26 14:49:45.738"
452,"99.71","Milner","tom.milner@sakilacustomer.org",True,"2013-05-26 14:49:45.738"
453,"111.77","Martel","calvin.martel@sakilacustomer.org",True,"2013-05-26 14:49:45.738"
454,"143.68","Gresham","alex.gresham@sakilacustomer.org",True,"2013-05-26 14:49:45.738"
455,"85.78","Wiles","jon.wiles@sakilacustomer.org",True,"2013-05-26 14:49:45.738"
456,"95.76","Ricketts","ronnie.ricketts@sakilacustomer.org",True,"2013-05-26 14:49:45.738"
457,"106.73","Gavin","bill.gavin@sakilacustomer.org",True,"2013-05-26 14:49:45.738"
458,"66.81","Dowd","lloyd.dowd@sakilacustomer.org",True,"2013-05-26 14:49:45.738"
459,"183.63","Collazo","tommy.collazo@sakilacustomer.org",True,"2013-05-26 14:49:45.738"
460,"97.79","Bostic","leon.bostic@sakilacustomer.org",True,"2013-05-26 14:49:45.738"
461,"90.73","Blakely","derek.blakely@sakilacustomer.org",True,"2013-05-26 14:49:45.738"
462,"152.69","Sherrod","warren.sherrod@sakilacustomer.org",True,"2013-05-26 14:49:45.738"
463,"89.76","Power","darrell.power@sakilacustomer.org",True,"2013-05-26 14:49:45.738"
464,"67.86","Kenyon","jerome.kenyon@sakilacustomer.org",True,"2013-05-26 14:49:45.738"
465,"68.84","Gandy","floyd.gandy@sakilacustomer.org",True,"2013-05-26 14:49:45.738"
466,"101.78","Ebert","leo.ebert@sakilacustomer.org",True,"2013-05-26 14:49:45.738"
467,"134.72","Deloach","alvin.deloach@sakilacustomer.org",True,"2013-05-26 14:49:45.738"
468,"154.66","Cary","tim.cary@sakilacustomer.org",True,"2013-05-26 14:49:45.738"
469,"158.65","Bull","wesley.bull@sakilacustomer.org",True,"2013-05-26 14:49:45.738"
470,"157.69","Allard","gordon.allard@sakilacustomer.org",True,"2013-05-26 14:49:45.738"
471,"106.74","Sauer","dean.sauer@sakilacustomer.org",True,"2013-05-26 14:49:45.738"
472,"131.74","Robins","greg.robins@sakilacustomer.org",True,"2013-05-26 14:49:45.738"
473,"122.69","Olivares","jorge.olivares@sakilacustomer.org",True,"2013-05-26 14:49:45.738"
474,"92.75","Gillette","dustin.gillette@sakilacustomer.org",True,"2013-05-26 14:49:45.738"
475,"97.78","Chestnut","pedro.chestnut@sakilacustomer.org",True,"2013-05-26 14:49:45.738"
476,"87.80","Bourque","derrick.bourque@sakilacustomer.org",True,"2013-05-26 14:49:45.738"
477,"106.79","Paine","dan.paine@sakilacustomer.org",True,"2013-05-26 14:49:45.738"
478,"86.81","Lyman","lewis.lyman@sakilacustomer.org",True,"2013-05-26 14:49:45.738"
479,"134.71","Hite","zachary.hite@sakilacustomer.org",True,"2013-05-26 14:49:45.738"
480,"83.81","Hauser","corey.hauser@sakilacustomer.org",True,"2013-05-26 14:49:45.738"
481,"109.72","Devore","herman.devore@sakilacustomer.org",True,"2013-05-26 14:49:45.738"
482,"125.74","Crawley","maurice.crawley@sakilacustomer.org",True,"2013-05-26 14:49:45.738"
483,"81.83","Chapa","vernon.chapa@sakilacustomer.org",True,"2013-05-26 14:49:45.738"
484,"128.73","Vu","roberto.vu@sakilacustomer.org",True,"2013-05-26 14:49:45.738"
485,"112.72","Tobias","clyde.tobias@sakilacustomer.org",True,"2013-05-26 14:49:45.738"
486,"100.77","Talbert","glen.talbert@sakilacustomer.org",True,"2013-05-26 14:49:45.738"
487,"119.74","Poindexter","hector.poindexter@sakilacustomer.org",True,"2013-05-26 14:49:45.738"
488,"95.78","Millard","shane.millard@sakilacustomer.org",True,"2013-05-26 14:49:45.738"
489,"91.81","Meador","ricardo.meador@sakilacustomer.org",True,"2013-05-26 14:49:45.738"
490,"105.78","Mcduffie","sam.mcduffie@sakilacustomer.org",True,"2013-05-26 14:49:45.738"
491,"120.75","Mattox","rick.mattox@sakilacustomer.org",True,"2013-05-26 14:49:45.738"
492,"62.85","Kraus","lester.kraus@sakilacustomer.org",True,"2013-05-26 14:49:45.738"
493,"104.78","Harkins","brent.harkins@sakilacustomer.org",True,"2013-05-26 14:49:45.738"
494,"135.70","Choate","ramon.choate@sakilacustomer.org",True,"2013-05-26 14:49:45.738"
495,"110.76","Bess","charlie.bess@sakilacustomer.org",True,"2013-05-26 14:49:45.738"
496,"82.81","Wren","tyler.wren@sakilacustomer.org",True,"2013-05-26 14:49:45.738"
497,"121.73","Sledge","gilbert.sledge@sakilacustomer.org",True,"2013-05-26 14:49:45.738"
498,"82.76","Sanborn","gene.sanborn@sakilacustomer.org",True,"2013-05-26 14:49:45.738"
499,"120.71","Outlaw","marc.outlaw@sakilacustomer.org",True,"2013-05-26 14:49:45.738"
500,"96.75","Kinder","reginald.kinder@sakilacustomer.org",True,"2013-05-26 14:49:45.738"
501,"86.81","Geary","ruben.geary@sakilacustomer.org",True,"2013-05-26 14:49:45.738"
502,"130.70","Cornwell","brett.cornwell@sakilacustomer.org",True,"2013-05-26 14:49:45.738"
503,"99.72","Barclay","angel.barclay@sakilacustomer.org",True,"2013-05-26 14:49:45.738"
504,"117.75","Adam","nathaniel.adam@sakilacustomer.org",True,"2013-05-26 14:49:45.738"
505,"91.81","Abney","rafael.abney@sakilacustomer.org",True,"2013-05-26 14:49:45.738"
506,"123.72","Seward","leslie.seward@sakilacustomer.org",True,"2013-05-26 14:49:45.738"
507,"89.77","Rhoads","edgar.rhoads@sakilacustomer.org",True,"2013-05-26 14:49:45.738"
508,"121.77","Howland","milton.howland@sakilacustomer.org",True,"2013-05-26 14:49:45.738"
509,"86.82","Fortier","raul.fortier@sakilacustomer.org",True,"2013-05-26 14:49:45.738"
510,"102.77","Easter","ben.easter@sakilacustomer.org",True,"2013-05-26 14:49:45.738"
511,"92.78","Benner","chester.benner@sakilacustomer.org",True,"2013-05-26 14:49:45.738"
512,"115.74","Vines","cecil.vines@sakilacustomer.org",True,"2013-05-26 14:49:45.738"
513,"143.70","Tubbs","duane.tubbs@sakilacustomer.org",True,"2013-05-26 14:49:45.738"
514,"69.79","Troutman","franklin.troutman@sakilacustomer.org",True,"2013-05-26 14:49:45.738"
515,"110.74","Rapp","andre.rapp@sakilacustomer.org",True,"2013-05-26 14:49:45.738"
516,"92.76","Noe","elmer.noe@sakilacustomer.org",True,"2013-05-26 14:49:45.738"
517,"100.76","Mccurdy","brad.mccurdy@sakilacustomer.org",True,"2013-05-26 14:49:45.738"
518,"108.75","Harder","gabriel.harder@sakilacustomer.org",True,"2013-05-26 14:49:45.738"
519,"99.78","Deluca","ron.deluca@sakilacustomer.org",True,"2013-05-26 14:49:45.738"
520,"127.69","Westmoreland","mitchell.westmoreland@sakilacustomer.org",True,"2013-05-26 14:49:45.738"
521,"80.77","South","roland.south@sakilacustomer.org",True,"2013-05-26 14:49:45.738"
522,"161.68","Havens","arnold.havens@sakilacustomer.org",True,"2013-05-26 14:49:45.738"
523,"87.80","Guajardo","harvey.guajardo@sakilacustomer.org",True,"2013-05-26 14:49:45.738"
524,"81.83","Ely","jared.ely@sakilacustomer.org",True,"2013-05-26 14:49:45.738"
525,"68.82","Clary","adrian.clary@sakilacustomer.org",True,"2013-05-26 14:49:45.738"
526,"208.58","Seal","karl.seal@sakilacustomer.org",True,"2013-05-26 14:49:45.738"
527,"81.76","Meehan","cory.meehan@sakilacustomer.org",True,"2013-05-26 14:49:45.738"
528,"93.80","Herzog","claude.herzog@sakilacustomer.org",True,"2013-05-26 14:49:45.738"
529,"115.72","Guillen","erik.guillen@sakilacustomer.org",True,"2013-05-26 14:49:45.738"
530,"75.78","Ashcraft","darryl.ashcraft@sakilacustomer.org",True,"2013-05-26 14:49:45.738"
531,"110.77","Waugh","jamie.waugh@sakilacustomer.org",True,"2013-05-26 14:49:45.738"
532,"149.69","Renner","neil.renner@sakilacustomer.org",True,"2013-05-26 14:49:45.738"
533,"132.70","Milam","jessie.milam@sakilacustomer.org",True,"2013-05-26 14:49:45.738"
534,"81.78","Jung","christian.jung@sakilacustomer.org",True,"2013-05-26 14:49:45.738"
535,"122.72","Elrod","javier.elrod@sakilacustomer.org",True,"2013-05-26 14:49:45.738"
536,"109.77","Churchill","fernando.churchill@sakilacustomer.org",True,"2013-05-26 14:49:45.738"
537,"98.76","Buford","clinton.buford@sakilacustomer.org",True,"2013-05-26 14:49:45.738"
538,"109.73","Breaux","ted.breaux@sakilacustomer.org",True,"2013-05-26 14:49:45.738"
539,"84.80","Bolin","mathew.bolin@sakilacustomer.org",True,"2013-05-26 14:49:45.738"
540,"112.76","Asher","tyrone.asher@sakilacustomer.org",True,"2013-05-26 14:49:45.738"
541,"95.78","Windham","darren.windham@sakilacustomer.org",True,"2013-05-26 14:49:45.738"
542,"84.84","Tirado","lonnie.tirado@sakilacustomer.org",True,"2013-05-26 14:49:45.738"
543,"73.80","Pemberton","lance.pemberton@sakilacustomer.org",True,"2013-05-26 14:49:45.738"
544,"92.80","Nolen","cody.nolen@sakilacustomer.org",True,"2013-05-26 14:49:45.738"
545,"84.81","Noland","julio.noland@sakilacustomer.org",True,"2013-05-26 14:49:45.738"
546,"94.76","Knott","kelly.knott@sakilacustomer.org",True,"2013-05-26 14:49:45.738"
547,"87.80","Emmons","kurt.emmons@sakilacustomer.org",True,"2013-05-26 14:49:45.738"
548,"63.84","Cornish","allan.cornish@sakilacustomer.org",True,"2013-05-26 14:49:45.738"
549,"62.84","Christenson","nelson.christenson@sakilacustomer.org",True,"2013-05-26 14:49:45.738"
550,"151.69","Brownlee","guy.brownlee@sakilacustomer.org",True,"2013-05-26 14:49:45.738"
551,"75.79","Barbee","clayton.barbee@sakilacustomer.org",True,"2013-05-26 14:49:45.738"
552,"89.80","Waldrop","hugh.waldrop@sakilacustomer.org",True,"2013-05-26 14:49:45.738"
553,"102.77","Pitt","max.pitt@sakilacustomer.org",True,"2013-05-26 14:49:45.738"
554,"95.80","Olvera","dwayne.olvera@sakilacustomer.org",True,"2013-05-26 14:49:45.738"
555,"74.83","Lombardi","dwight.lombardi@sakilacustomer.org",True,"2013-05-26 14:49:45.738"
556,"72.82","Gruber","armando.gruber@sakilacustomer.org",True,"2013-05-26 14:49:45.738"
557,"63.78","Gaffney","felix.gaffney@sakilacustomer.org",True,"2013-05-26 14:49:45.738"
558,"135.72","Eggleston","jimmie.eggleston@sakilacustomer.org",True,"2013-05-26 14:49:45.738"
559,"110.72","Banda","everett.banda@sakilacustomer.org",True,"2013-05-26 14:49:45.738"
560,"129.71","Archuleta","jordan.archuleta@sakilacustomer.org",True,"2013-05-26 14:49:45.738"
561,"86.75","Still","ian.still@sakilacustomer.org",True,"2013-05-26 14:49:45.738"
562,"97.78","Slone","wallace.slone@sakilacustomer.org",True,"2013-05-26 14:49:45.738"
563,"99.73","Prewitt","ken.prewitt@sakilacustomer.org",True,"2013-05-26 14:49:45.738"
564,"82.78","Pfeiffer","bob.pfeiffer@sakilacustomer.org",True,"2013-05-26 14:49:45.738"
565,"118.73","Nettles","jaime.nettles@sakilacustomer.org",True,"2013-05-26 14:49:45.738"
566,"130.68","Mena","casey.mena@sakilacustomer.org",True,"2013-05-26 14:49:45.738"
567,"85.80","Mcadams","alfredo.mcadams@sakilacustomer.org",True,"2013-05-26 14:49:45.738"
568,"66.79","Henning","alberto.henning@sakilacustomer.org",True,"2013-05-26 14:49:45.738"
569,"113.73","Gardiner","dave.gardiner@sakilacustomer.org",True,"2013-05-26 14:49:45.738"
570,"91.75","Cromwell","ivan.cromwell@sakilacustomer.org",True,"2013-05-26 14:49:45.738"
571,"107.78","Chisholm","johnnie.chisholm@sakilacustomer.org",True,"2013-05-26 14:49:45.738"
572,"100.76","Burleson","sidney.burleson@sakilacustomer.org",True,"2013-05-26 14:49:45.738"
573,"117.72","Box","byron.box@sakilacustomer.org",True,"2013-05-26 14:49:45.738"
574,"108.73","Vest","julian.vest@sakilacustomer.org",True,"2013-05-26 14:49:45.738"
575,"109.76","Oglesby","isaac.oglesby@sakilacustomer.org",True,"2013-05-26 14:49:45.738"
576,"135.68","Mccarter","morris.mccarter@sakilacustomer.org",True,"2013-05-26 14:49:45.738"
577,"111.74","Malcolm","clifton.malcolm@sakilacustomer.org",True,"2013-05-26 14:49:45.738"
578,"95.79","Lumpkin","willard.lumpkin@sakilacustomer.org",True,"2013-05-26 14:49:45.738"
579,"111.73","Larue","daryl.larue@sakilacustomer.org",True,"2013-05-26 14:49:45.738"
580,"98.74","Grey","ross.grey@sakilacustomer.org",True,"2013-05-26 14:49:45.738"
581,"97.75","Wofford","virgil.wofford@sakilacustomer.org",True,"2013-05-26 14:49:45.738"
582,"112.76","Vanhorn","andy.vanhorn@sakilacustomer.org",True,"2013-05-26 14:49:45.738"
583,"117.77","Thorn","marshall.thorn@sakilacustomer.org",True,"2013-05-26 14:49:45.738"
584,"114.73","Teel","salvador.teel@sakilacustomer.org",True,"2013-05-26 14:49:45.738"
585,"117.76","Swafford","perry.swafford@sakilacustomer.org",True,"2013-05-26 14:49:45.738"
586,"50.83","Stclair","kirk.stclair@sakilacustomer.org",True,"2013-05-26 14:49:45.738"
587,"102.76","Stanfield","sergio.stanfield@sakilacustomer.org",True,"2013-05-26 14:49:45.738"
588,"107.73","Ocampo","marion.ocampo@sakilacustomer.org",True,"2013-05-26 14:49:45.738"
589,"118.75","Herrmann","tracy.herrmann@sakilacustomer.org",True,"2013-05-26 14:49:45.738"
590,"108.76","Hannon","seth.hannon@sakilacustomer.org",True,"2013-05-26 14:49:45.738"
591,"134.73","Arsenault","kent.arsenault@sakilacustomer.org",True,"2013-05-26 14:49:45.738"
592,"111.71","Roush","terrance.roush@sakilacustomer.org",True,"2013-05-26 14:49:45.738"
593,"101.76","Mcalister","rene.mcalister@sakilacustomer.org",True,"2013-05-26 14:49:45.738"
594,"108.77","Hiatt","eduardo.hiatt@sakilacustomer.org",True,"2013-05-26 14:49:45.738"
595,"110.71","Gunderson","terrence.gunderson@sakilacustomer.org",True,"2013-05-26 14:49:45.738"
596,"73.78","Forsythe","enrique.forsythe@sakilacustomer.org",True,"2013-05-26 14:49:45.738"
597,"87.77","Duggan","freddie.duggan@sakilacustomer.org",True,"2013-05-26 14:49:45.738"
598,"83.78","Delvalle","wade.delvalle@sakilacustomer.org",True,"2013-05-26 14:49:45.738"
599,"78.82","Cintron","austin.cintron@sakilacustomer.org",True,"2013-05-26 14:49:45.738"
